{"cameraMode":{"drawMode":0,"name":"Shaded","section":"Shading Mode"},"sceneLighting":true,"audioPlay":false,"sceneViewState":{"m_AlwaysRefresh":false,"showFog":true,"showSkybox":true,"showFlares":true,"showImageEffects":true,"showParticleSystems":true,"showVisualEffectGraphs":true,"m_FxEnabled":true},"in2DMode":false,"pivot":{"x":91.38282775878906,"y":113.72089385986328,"z":-15.607915878295899},"rotation":{"x":0.3010968863964081,"y":-0.5259681940078735,"z":0.20614226162433625,"w":0.7683053016662598},"size":1.7320507764816285,"orthographic":false}