{"cameraMode":{"drawMode":0,"name":"Shaded","section":"Shading Mode"},"sceneLighting":false,"audioPlay":false,"sceneViewState":{"m_AlwaysRefresh":false,"showFog":true,"showSkybox":false,"showFlares":true,"showImageEffects":true,"showParticleSystems":true,"showVisualEffectGraphs":true,"m_FxEnabled":true},"in2DMode":false,"pivot":{"x":-0.08597618341445923,"y":1.111151099205017,"z":0.18192791938781739},"rotation":{"x":-0.16749390959739686,"y":0.23644715547561646,"z":-0.041392359882593158,"w":-0.9562155604362488},"size":1.5165431499481202,"orthographic":true}