{"cameraMode":{"drawMode":0,"name":"Shaded","section":"Shading Mode"},"sceneLighting":true,"audioPlay":false,"sceneViewState":{"m_AlwaysRefresh":false,"showFog":true,"showSkybox":true,"showFlares":true,"showImageEffects":true,"showParticleSystems":true,"showVisualEffectGraphs":true,"m_FxEnabled":true},"in2DMode":false,"pivot":{"x":254.8572540283203,"y":16.265262603759767,"z":297.00445556640627},"rotation":{"x":0.029280152171850206,"y":0.34479469060897829,"z":-0.010761072859168053,"w":0.9381614923477173},"size":1.0426809787750245,"orthographic":true}